{
    "name": "1 Ceres",
    "temp": 168,
    "mass": {
        "massValue": 9.393,
        "massExponent": 20
    },
    "volume": {
        "volValue": 4.21,
        "volExponent": 9
    },
    "density": 2.161,
    "gravity": 0.28,
    "moons": null,
    "discoveredBy": "Giuseppe Piazzi",
    "discoveryDate": "01/01/1801",
    "radius": 476.2
},
{
    "name": "136199 Eris",
    "temp": 42,
    "mass": {
        "massValue": 1.66,
        "massExponent": 22
    },
    "volume": {
        "volValue": 6.59,
        "volExponent": 9
    },
    "density": 2.52,
    "gravity": 0.82,
    "moons": [
        {
            "moon": "Dysnomie",
            "rel": "https://api.le-systeme-solaire.net/rest/bodies/dysnomie"
        }
    ],
    "discoveredBy": "Michael E. Brown, Chadwick Trujillo, David L. Rabinowitz",
    "discoveryDate": "05/01/2005",
    "radius": 1163.0
},
{
    "name": "Uranus",
    "temp": 76,
    "mass": {
        "massValue": 8.68127,
        "massExponent": 25
    },
    "volume": {
        "volValue": 6.833,
        "volExponent": 13
    },
    "density": 1.27,
    "gravity": 8.87,
    "moons": [
        {
            "moon": "Ariel",
            "rel": "https://api.le-systeme-solaire.net/rest/bodies/ariel"
        },
        {
            "moon": "Umbriel",
            "rel": "https://api.le-systeme-solaire.net/rest/bodies/umbriel"
        },
        {
            "moon": "Titania",
            "rel": "https://api.le-systeme-solaire.net/rest/bodies/titania"
        },
        {
            "moon": "Ob\u00e9ron",
            "rel": "https://api.le-systeme-solaire.net/rest/bodies/oberon"
        },
        {
            "moon": "Miranda",
            "rel": "https://api.le-systeme-solaire.net/rest/bodies/miranda"
        },
        {
            "moon": "Cord\u00e9lia",
            "rel": "https://api.le-systeme-solaire.net/rest/bodies/cordelia"
        },
        {
            "moon": "Oph\u00e9lie",
            "rel": "https://api.le-systeme-solaire.net/rest/bodies/ophelia"
        },
        {
            "moon": "Bianca",
            "rel": "https://api.le-systeme-solaire.net/rest/bodies/bianca"
        },
        {
            "moon": "Cressida",
            "rel": "https://api.le-systeme-solaire.net/rest/bodies/cressida"
        },
        {
            "moon": "Desd\u00e9mone",
            "rel": "https://api.le-systeme-solaire.net/rest/bodies/desdemona"
        },
        {
            "moon": "Juliette",
            "rel": "https://api.le-systeme-solaire.net/rest/bodies/juliet"
        },
        {
            "moon": "Portia",
            "rel": "https://api.le-systeme-solaire.net/rest/bodies/portia"
        },
        {
            "moon": "Rosalinde",
            "rel": "https://api.le-systeme-solaire.net/rest/bodies/rosalind"
        },
        {
            "moon": "Belinda",
            "rel": "https://api.le-systeme-solaire.net/rest/bodies/belinda"
        },
        {
            "moon": "Puck",
            "rel": "https://api.le-systeme-solaire.net/rest/bodies/puck"
        },
        {
            "moon": "Caliban",
            "rel": "https://api.le-systeme-solaire.net/rest/bodies/caliban"
        },
        {
            "moon": "Sycorax",
            "rel": "https://api.le-systeme-solaire.net/rest/bodies/sycorax"
        },
        {
            "moon": "Prospero",
            "rel": "https://api.le-systeme-solaire.net/rest/bodies/prospero"
        },
        {
            "moon": "Setebos",
            "rel": "https://api.le-systeme-solaire.net/rest/bodies/setebos"
        },
        {
            "moon": "Stephano",
            "rel": "https://api.le-systeme-solaire.net/rest/bodies/stephano"
        },
        {
            "moon": "Trinculo",
            "rel": "https://api.le-systeme-solaire.net/rest/bodies/trinculo"
        },
        {
            "moon": "Francisco",
            "rel": "https://api.le-systeme-solaire.net/rest/bodies/francisco"
        },
        {
            "moon": "Margaret",
            "rel": "https://api.le-systeme-solaire.net/rest/bodies/margaret"
        },
        {
            "moon": "Ferdinand",
            "rel": "https://api.le-systeme-solaire.net/rest/bodies/ferdinand"
        },
        {
            "moon": "Perdita",
            "rel": "https://api.le-systeme-solaire.net/rest/bodies/perdita"
        },
        {
            "moon": "Mab",
            "rel": "https://api.le-systeme-solaire.net/rest/bodies/mab"
        },
        {
            "moon": "Cupid",
            "rel": "https://api.le-systeme-solaire.net/rest/bodies/cupid"
        }
    ],
    "discoveredBy": "William Herschel",
    "discoveryDate": "13/03/1781",
    "radius": 25362.0
},
{
    "name": "Pluto",
    "temp": 44,
    "mass": {
        "massValue": 1.303,
        "massExponent": 22
    },
    "volume": {
        "volValue": 7.15,
        "volExponent": 9
    },
    "density": 1.89,
    "gravity": 0.62,
    "moons": [
        {
            "moon": "Charon",
            "rel": "https://api.le-systeme-solaire.net/rest/bodies/charon"
        },
        {
            "moon": "Nix",
            "rel": "https://api.le-systeme-solaire.net/rest/bodies/nix"
        },
        {
            "moon": "Hydra",
            "rel": "https://api.le-systeme-solaire.net/rest/bodies/hydra"
        },
        {
            "moon": "Kerberos",
            "rel": "https://api.le-systeme-solaire.net/rest/bodies/kerberos"
        },
        {
            "moon": "Styx",
            "rel": "https://api.le-systeme-solaire.net/rest/bodies/styx"
        }
    ],
    "discoveredBy": "Clyde W. Tombaugh",
    "discoveryDate": "18/02/1930",
    "radius": 1188.3
},
{
    "name": "Neptune",
    "temp": 55,
    "mass": {
        "massValue": 1.02413,
        "massExponent": 26
    },
    "volume": {
        "volValue": 6.254,
        "volExponent": 13
    },
    "density": 1.638,
    "gravity": 11.15,
    "moons": [
        {
            "moon": "Triton",
            "rel": "https://api.le-systeme-solaire.net/rest/bodies/triton"
        },
        {
            "moon": "N\u00e9re\u00efde",
            "rel": "https://api.le-systeme-solaire.net/rest/bodies/nereide"
        },
        {
            "moon": "Na\u00efade",
            "rel": "https://api.le-systeme-solaire.net/rest/bodies/naiade"
        },
        {
            "moon": "Thalassa",
            "rel": "https://api.le-systeme-solaire.net/rest/bodies/thalassa"
        },
        {
            "moon": "Despina",
            "rel": "https://api.le-systeme-solaire.net/rest/bodies/despina"
        },
        {
            "moon": "Galat\u00e9e",
            "rel": "https://api.le-systeme-solaire.net/rest/bodies/galatee"
        },
        {
            "moon": "Larissa",
            "rel": "https://api.le-systeme-solaire.net/rest/bodies/larissa"
        },
        {
            "moon": "Prot\u00e9e",
            "rel": "https://api.le-systeme-solaire.net/rest/bodies/protee"
        },
        {
            "moon": "Halim\u00e8de",
            "rel": "https://api.le-systeme-solaire.net/rest/bodies/halimede"
        },
        {
            "moon": "Psamath\u00e9e",
            "rel": "https://api.le-systeme-solaire.net/rest/bodies/psamathee"
        },
        {
            "moon": "Sao",
            "rel": "https://api.le-systeme-solaire.net/rest/bodies/sao"
        },
        {
            "moon": "Laom\u00e9die",
            "rel": "https://api.le-systeme-solaire.net/rest/bodies/laomedie"
        },
        {
            "moon": "N\u00e9so",
            "rel": "https://api.le-systeme-solaire.net/rest/bodies/neso"
        },
        {
            "moon": "Hippocampe",
            "rel": "https://api.le-systeme-solaire.net/rest/bodies/hippocampe"
        }
    ],
    "discoveredBy": "Urbain Le Verrier",
    "discoveryDate": "23/09/1846",
    "radius": 24622.0
},
{
    "name": "136108 Haumea",
    "temp": 50,
    "mass": {
        "massValue": 4.006,
        "massExponent": 21
    },
    "volume": {
        "volValue": 2.4,
        "volExponent": 9
    },
    "density": 2.6,
    "gravity": 0.401,
    "moons": [
        {
            "moon": "Namaka",
            "rel": "https://api.le-systeme-solaire.net/rest/bodies/namaka"
        },
        {
            "moon": "Hi'iaka",
            "rel": "https://api.le-systeme-solaire.net/rest/bodies/hiiaka"
        }
    ],
    "discoveredBy": "Michael E. Brown, Jos&eacute; Luis Ortiz Moreno",
    "discoveryDate": "28/12/2004",
    "radius": 33.0
},
{
    "name": "136472 Makemake",
    "temp": 32,
    "mass": {
        "massValue": 4.4,
        "massExponent": 21
    },
    "volume": {
        "volValue": 1.7,
        "volExponent": 9
    },
    "density": 1.4,
    "gravity": 0.5,
    "moons": [
        {
            "moon": "S/2015 (136472) 1",
            "rel": "https://api.le-systeme-solaire.net/rest/bodies/mk2"
        }
    ],
    "discoveredBy": "Michael E. Brown, Chadwick Trujillo, David L. Rabinowitz",
    "discoveryDate": "31/03/2005",
    "radius": 725.0
},
{
    "name": "Jupiter",
    "temp": 165,
    "mass": {
        "massValue": 1.89819,
        "massExponent": 27
    },
    "volume": {
        "volValue": 1.43128,
        "volExponent": 15
    },
    "density": 1.3262,
    "gravity": 24.79,
    "moons": [
        {
            "moon": "Io",
            "rel": "https://api.le-systeme-solaire.net/rest/bodies/io"
        },
        {
            "moon": "Europe",
            "rel": "https://api.le-systeme-solaire.net/rest/bodies/europe"
        },
        {
            "moon": "Ganym\u00e8de",
            "rel": "https://api.le-systeme-solaire.net/rest/bodies/ganymede"
        },
        {
            "moon": "Callisto",
            "rel": "https://api.le-systeme-solaire.net/rest/bodies/callisto"
        },
        {
            "moon": "Amalth\u00e9e",
            "rel": "https://api.le-systeme-solaire.net/rest/bodies/amalthee"
        },
        {
            "moon": "Himalia",
            "rel": "https://api.le-systeme-solaire.net/rest/bodies/himalia"
        },
        {
            "moon": "\u00c9lara",
            "rel": "https://api.le-systeme-solaire.net/rest/bodies/elara"
        },
        {
            "moon": "Pasipha\u00e9",
            "rel": "https://api.le-systeme-solaire.net/rest/bodies/pasiphae"
        },
        {
            "moon": "Sinop\u00e9",
            "rel": "https://api.le-systeme-solaire.net/rest/bodies/sinope"
        },
        {
            "moon": "Lysith\u00e9a",
            "rel": "https://api.le-systeme-solaire.net/rest/bodies/lysithea"
        },
        {
            "moon": "Carm\u00e9",
            "rel": "https://api.le-systeme-solaire.net/rest/bodies/carme"
        },
        {
            "moon": "Anank\u00e9",
            "rel": "https://api.le-systeme-solaire.net/rest/bodies/ananke"
        },
        {
            "moon": "L\u00e9da",
            "rel": "https://api.le-systeme-solaire.net/rest/bodies/leda"
        },
        {
            "moon": "Th\u00e9b\u00e9",
            "rel": "https://api.le-systeme-solaire.net/rest/bodies/thebe"
        },
        {
            "moon": "Adrast\u00e9e",
            "rel": "https://api.le-systeme-solaire.net/rest/bodies/adrastee"
        },
        {
            "moon": "M\u00e9tis",
            "rel": "https://api.le-systeme-solaire.net/rest/bodies/metis"
        },
        {
            "moon": "Callirrho\u00e9",
            "rel": "https://api.le-systeme-solaire.net/rest/bodies/callirrhoe"
        },
        {
            "moon": "Th\u00e9misto",
            "rel": "https://api.le-systeme-solaire.net/rest/bodies/themisto"
        },
        {
            "moon": "M\u00e9gaclit\u00e9",
            "rel": "https://api.le-systeme-solaire.net/rest/bodies/megaclite"
        },
        {
            "moon": "Tayg\u00e9t\u00e9",
            "rel": "https://api.le-systeme-solaire.net/rest/bodies/taygete"
        },
        {
            "moon": "Chald\u00e9n\u00e9",
            "rel": "https://api.le-systeme-solaire.net/rest/bodies/chaldene"
        },
        {
            "moon": "Harpalyk\u00e9",
            "rel": "https://api.le-systeme-solaire.net/rest/bodies/harpalyke"
        },
        {
            "moon": "Kalyk\u00e9",
            "rel": "https://api.le-systeme-solaire.net/rest/bodies/kalyke"
        },
        {
            "moon": "Iocast\u00e9",
            "rel": "https://api.le-systeme-solaire.net/rest/bodies/iocaste"
        },
        {
            "moon": "Erinom\u00e9",
            "rel": "https://api.le-systeme-solaire.net/rest/bodies/erinome"
        },
        {
            "moon": "Isono\u00e9",
            "rel": "https://api.le-systeme-solaire.net/rest/bodies/isonoe"
        },
        {
            "moon": "Praxidyk\u00e9",
            "rel": "https://api.le-systeme-solaire.net/rest/bodies/praxidike"
        },
        {
            "moon": "Autono\u00e9",
            "rel": "https://api.le-systeme-solaire.net/rest/bodies/autonoe"
        },
        {
            "moon": "Thyon\u00e9",
            "rel": "https://api.le-systeme-solaire.net/rest/bodies/thyone"
        },
        {
            "moon": "Hermipp\u00e9",
            "rel": "https://api.le-systeme-solaire.net/rest/bodies/hermippe"
        },
        {
            "moon": "Aitn\u00e9",
            "rel": "https://api.le-systeme-solaire.net/rest/bodies/aitne"
        },
        {
            "moon": "Eurydom\u00e9",
            "rel": "https://api.le-systeme-solaire.net/rest/bodies/eurydome"
        },
        {
            "moon": "Euanth\u00e9",
            "rel": "https://api.le-systeme-solaire.net/rest/bodies/euanthe"
        },
        {
            "moon": "Euporie",
            "rel": "https://api.le-systeme-solaire.net/rest/bodies/euporie"
        },
        {
            "moon": "Orthosie",
            "rel": "https://api.le-systeme-solaire.net/rest/bodies/orthosie"
        },
        {
            "moon": "Spond\u00e9",
            "rel": "https://api.le-systeme-solaire.net/rest/bodies/sponde"
        },
        {
            "moon": "Cal\u00e9",
            "rel": "https://api.le-systeme-solaire.net/rest/bodies/cale"
        },
        {
            "moon": "Pasith\u00e9e",
            "rel": "https://api.le-systeme-solaire.net/rest/bodies/pasithee"
        },
        {
            "moon": "H\u00e9g\u00e9mone",
            "rel": "https://api.le-systeme-solaire.net/rest/bodies/hegemone"
        },
        {
            "moon": "Mn\u00e9m\u00e9",
            "rel": "https://api.le-systeme-solaire.net/rest/bodies/mneme"
        },
        {
            "moon": "Aoed\u00e9",
            "rel": "https://api.le-systeme-solaire.net/rest/bodies/aoede"
        },
        {
            "moon": "Thelxino\u00e9",
            "rel": "https://api.le-systeme-solaire.net/rest/bodies/thelxinoe"
        },
        {
            "moon": "Arch\u00e9",
            "rel": "https://api.le-systeme-solaire.net/rest/bodies/arche"
        },
        {
            "moon": "Callichore",
            "rel": "https://api.le-systeme-solaire.net/rest/bodies/callichore"
        },
        {
            "moon": "H\u00e9lic\u00e9",
            "rel": "https://api.le-systeme-solaire.net/rest/bodies/helice"
        },
        {
            "moon": "Carpo",
            "rel": "https://api.le-systeme-solaire.net/rest/bodies/carpo"
        },
        {
            "moon": "Euk\u00e9lad\u00e9",
            "rel": "https://api.le-systeme-solaire.net/rest/bodies/eukelade"
        },
        {
            "moon": "Cyll\u00e8ne",
            "rel": "https://api.le-systeme-solaire.net/rest/bodies/cyllene"
        },
        {
            "moon": "Cor\u00e9",
            "rel": "https://api.le-systeme-solaire.net/rest/bodies/core"
        },
        {
            "moon": "Hers\u00e9",
            "rel": "https://api.le-systeme-solaire.net/rest/bodies/herse"
        },
        {
            "moon": "S/2003 J 2",
            "rel": "https://api.le-systeme-solaire.net/rest/bodies/s2003j2"
        },
        {
            "moon": "Euph\u00e9m\u00e9",
            "rel": "https://api.le-systeme-solaire.net/rest/bodies/eupheme"
        },
        {
            "moon": "S/2003 J 4",
            "rel": "https://api.le-systeme-solaire.net/rest/bodies/s2003j4"
        },
        {
            "moon": "Eir\u00e9n\u00e9",
            "rel": "https://api.le-systeme-solaire.net/rest/bodies/eirene"
        },
        {
            "moon": "S/2003 J 9",
            "rel": "https://api.le-systeme-solaire.net/rest/bodies/s2003j9"
        },
        {
            "moon": "S/2003 J 10",
            "rel": "https://api.le-systeme-solaire.net/rest/bodies/s2003j10"
        },
        {
            "moon": "S/2003 J 12",
            "rel": "https://api.le-systeme-solaire.net/rest/bodies/s2003j12"
        },
        {
            "moon": "Philophrosyne",
            "rel": "https://api.le-systeme-solaire.net/rest/bodies/philophrosyne"
        },
        {
            "moon": "S/2003 J 16",
            "rel": "https://api.le-systeme-solaire.net/rest/bodies/s2003j16"
        },
        {
            "moon": "S/2003 J 18",
            "rel": "https://api.le-systeme-solaire.net/rest/bodies/s2003j18"
        },
        {
            "moon": "S/2003 J 19",
            "rel": "https://api.le-systeme-solaire.net/rest/bodies/s2003j19"
        },
        {
            "moon": "S/2003 J 23",
            "rel": "https://api.le-systeme-solaire.net/rest/bodies/s2003j23"
        },
        {
            "moon": "Dia",
            "rel": "https://api.le-systeme-solaire.net/rest/bodies/dia"
        },
        {
            "moon": "S/2010 J 1",
            "rel": "https://api.le-systeme-solaire.net/rest/bodies/s2010j1"
        },
        {
            "moon": "S/2010 J 2",
            "rel": "https://api.le-systeme-solaire.net/rest/bodies/s2010j2"
        },
        {
            "moon": "S/2011 J 1",
            "rel": "https://api.le-systeme-solaire.net/rest/bodies/s2011j1"
        },
        {
            "moon": "S/2011 J 2",
            "rel": "https://api.le-systeme-solaire.net/rest/bodies/s2011j2"
        },
        {
            "moon": "S/2017 J 1",
            "rel": "https://api.le-systeme-solaire.net/rest/bodies/s2017j1"
        },
        {
            "moon": "S/2016 J 1",
            "rel": "https://api.le-systeme-solaire.net/rest/bodies/s2016j1"
        },
        {
            "moon": "Val\u00e9tudo",
            "rel": "https://api.le-systeme-solaire.net/rest/bodies/valetudo"
        },
        {
            "moon": "S/2017 J 2",
            "rel": "https://api.le-systeme-solaire.net/rest/bodies/s2017j2"
        },
        {
            "moon": "S/2017 J 3",
            "rel": "https://api.le-systeme-solaire.net/rest/bodies/s2017j3"
        },
        {
            "moon": "Pandia",
            "rel": "https://api.le-systeme-solaire.net/rest/bodies/pandia"
        },
        {
            "moon": "S/2017 J 5",
            "rel": "https://api.le-systeme-solaire.net/rest/bodies/s2017j5"
        },
        {
            "moon": "S/2017 J 6",
            "rel": "https://api.le-systeme-solaire.net/rest/bodies/s2017j6"
        },
        {
            "moon": "S/2017 J 7",
            "rel": "https://api.le-systeme-solaire.net/rest/bodies/s2017j7"
        },
        {
            "moon": "S/2017 J 8",
            "rel": "https://api.le-systeme-solaire.net/rest/bodies/s2017j8"
        },
        {
            "moon": "S/2017 J 9",
            "rel": "https://api.le-systeme-solaire.net/rest/bodies/s2017j9"
        },
        {
            "moon": "Ersa",
            "rel": "https://api.le-systeme-solaire.net/rest/bodies/ersa"
        }
    ],
    "discoveredBy": "Galileo Galilei",
    "discoveryDate": "1610",
    "radius": 69911.0
},
{
    "name": "Mars",
    "temp": 210,
    "mass": {
        "massValue": 6.41712,
        "massExponent": 23
    },
    "volume": {
        "volValue": 1.6318,
        "volExponent": 11
    },
    "density": 3.9341,
    "gravity": 3.71,
    "moons": [
        {
            "moon": "Phobos",
            "rel": "https://api.le-systeme-solaire.net/rest/bodies/phobos"
        },
        {
            "moon": "De\u00efmos",
            "rel": "https://api.le-systeme-solaire.net/rest/bodies/deimos"
        }
    ],
    "discoveredBy": "Galileo Galilei",
    "discoveryDate": "1610",
    "radius": 3389.5
},
{
    "name": "Mercury",
    "temp": 440,
    "mass": {
        "massValue": 3.30114,
        "massExponent": 23
    },
    "volume": {
        "volValue": 6.083,
        "volExponent": 10
    },
    "density": 5.4291,
    "gravity": 3.7,
    "moons": null,
    "discoveredBy": "Galileo Galilei",
    "discoveryDate": "1610",
    "radius": 2439.4
},
{
    "name": "Saturn",
    "temp": 134,
    "mass": {
        "massValue": 5.68336,
        "massExponent": 26
    },
    "volume": {
        "volValue": 8.2713,
        "volExponent": 14
    },
    "density": 0.6871,
    "gravity": 10.44,
    "moons": [
        {
            "moon": "Mimas",
            "rel": "https://api.le-systeme-solaire.net/rest/bodies/mimas"
        },
        {
            "moon": "Encelade",
            "rel": "https://api.le-systeme-solaire.net/rest/bodies/encelade"
        },
        {
            "moon": "T\u00e9thys",
            "rel": "https://api.le-systeme-solaire.net/rest/bodies/tethys"
        },
        {
            "moon": "Dion\u00e9",
            "rel": "https://api.le-systeme-solaire.net/rest/bodies/dione"
        },
        {
            "moon": "Rh\u00e9a",
            "rel": "https://api.le-systeme-solaire.net/rest/bodies/rhea"
        },
        {
            "moon": "Titan",
            "rel": "https://api.le-systeme-solaire.net/rest/bodies/titan"
        },
        {
            "moon": "Hyp\u00e9rion",
            "rel": "https://api.le-systeme-solaire.net/rest/bodies/hyperion"
        },
        {
            "moon": "Japet",
            "rel": "https://api.le-systeme-solaire.net/rest/bodies/japet"
        },
        {
            "moon": "Ph\u0153b\u00e9",
            "rel": "https://api.le-systeme-solaire.net/rest/bodies/phoebe"
        },
        {
            "moon": "Janus",
            "rel": "https://api.le-systeme-solaire.net/rest/bodies/janus"
        },
        {
            "moon": "Epim\u00e9th\u00e9e",
            "rel": "https://api.le-systeme-solaire.net/rest/bodies/epimethee"
        },
        {
            "moon": "H\u00e9l\u00e8ne",
            "rel": "https://api.le-systeme-solaire.net/rest/bodies/helene"
        },
        {
            "moon": "T\u00e9lesto",
            "rel": "https://api.le-systeme-solaire.net/rest/bodies/telesto"
        },
        {
            "moon": "Calypso",
            "rel": "https://api.le-systeme-solaire.net/rest/bodies/calypso"
        },
        {
            "moon": "Atlas",
            "rel": "https://api.le-systeme-solaire.net/rest/bodies/atlas"
        },
        {
            "moon": "Prom\u00e9th\u00e9e",
            "rel": "https://api.le-systeme-solaire.net/rest/bodies/promethee"
        },
        {
            "moon": "Pandore",
            "rel": "https://api.le-systeme-solaire.net/rest/bodies/pandore"
        },
        {
            "moon": "Pan",
            "rel": "https://api.le-systeme-solaire.net/rest/bodies/pan"
        },
        {
            "moon": "Ymir",
            "rel": "https://api.le-systeme-solaire.net/rest/bodies/ymir"
        },
        {
            "moon": "Paaliaq",
            "rel": "https://api.le-systeme-solaire.net/rest/bodies/paaliaq"
        },
        {
            "moon": "Tarvos",
            "rel": "https://api.le-systeme-solaire.net/rest/bodies/tarvos"
        },
        {
            "moon": "Ijiraq",
            "rel": "https://api.le-systeme-solaire.net/rest/bodies/ijiraq"
        },
        {
            "moon": "Suttungr",
            "rel": "https://api.le-systeme-solaire.net/rest/bodies/suttungr"
        },
        {
            "moon": "Kiviuq",
            "rel": "https://api.le-systeme-solaire.net/rest/bodies/kiviuq"
        },
        {
            "moon": "Mundilfari",
            "rel": "https://api.le-systeme-solaire.net/rest/bodies/mundilfari"
        },
        {
            "moon": "Albiorix",
            "rel": "https://api.le-systeme-solaire.net/rest/bodies/albiorix"
        },
        {
            "moon": "Skathi",
            "rel": "https://api.le-systeme-solaire.net/rest/bodies/skathi"
        },
        {
            "moon": "Erriapo",
            "rel": "https://api.le-systeme-solaire.net/rest/bodies/erriapo"
        },
        {
            "moon": "Siarnaq",
            "rel": "https://api.le-systeme-solaire.net/rest/bodies/siarnaq"
        },
        {
            "moon": "Thrymr",
            "rel": "https://api.le-systeme-solaire.net/rest/bodies/thrymr"
        },
        {
            "moon": "Narvi",
            "rel": "https://api.le-systeme-solaire.net/rest/bodies/narvi"
        },
        {
            "moon": "M\u00e9thone",
            "rel": "https://api.le-systeme-solaire.net/rest/bodies/methone"
        },
        {
            "moon": "Pall\u00e8ne",
            "rel": "https://api.le-systeme-solaire.net/rest/bodies/pallene"
        },
        {
            "moon": "Pollux",
            "rel": "https://api.le-systeme-solaire.net/rest/bodies/pollux"
        },
        {
            "moon": "Daphnis",
            "rel": "https://api.le-systeme-solaire.net/rest/bodies/daphnis"
        },
        {
            "moon": "Aegir",
            "rel": "https://api.le-systeme-solaire.net/rest/bodies/aegir"
        },
        {
            "moon": "Bebhionn",
            "rel": "https://api.le-systeme-solaire.net/rest/bodies/bebhionn"
        },
        {
            "moon": "Bergelmir",
            "rel": "https://api.le-systeme-solaire.net/rest/bodies/bergelmir"
        },
        {
            "moon": "Bestla",
            "rel": "https://api.le-systeme-solaire.net/rest/bodies/bestla"
        },
        {
            "moon": "Farbauti",
            "rel": "https://api.le-systeme-solaire.net/rest/bodies/farbauti"
        },
        {
            "moon": "Fenrir",
            "rel": "https://api.le-systeme-solaire.net/rest/bodies/fenrir"
        },
        {
            "moon": "Fornjot",
            "rel": "https://api.le-systeme-solaire.net/rest/bodies/fornjot"
        },
        {
            "moon": "Hati",
            "rel": "https://api.le-systeme-solaire.net/rest/bodies/hati"
        },
        {
            "moon": "Hyrrokkin",
            "rel": "https://api.le-systeme-solaire.net/rest/bodies/hyrrokkin"
        },
        {
            "moon": "Kari",
            "rel": "https://api.le-systeme-solaire.net/rest/bodies/kari"
        },
        {
            "moon": "Loge",
            "rel": "https://api.le-systeme-solaire.net/rest/bodies/loge"
        },
        {
            "moon": "Skoll",
            "rel": "https://api.le-systeme-solaire.net/rest/bodies/skoll"
        },
        {
            "moon": "Surtur",
            "rel": "https://api.le-systeme-solaire.net/rest/bodies/surtur"
        },
        {
            "moon": "Anth\u00e9",
            "rel": "https://api.le-systeme-solaire.net/rest/bodies/anthe"
        },
        {
            "moon": "Jarnsaxa",
            "rel": "https://api.le-systeme-solaire.net/rest/bodies/jarnsaxa"
        },
        {
            "moon": "Greip",
            "rel": "https://api.le-systeme-solaire.net/rest/bodies/greip"
        },
        {
            "moon": "Tarqeq",
            "rel": "https://api.le-systeme-solaire.net/rest/bodies/tarqeq"
        },
        {
            "moon": "\u00c9g\u00e9on",
            "rel": "https://api.le-systeme-solaire.net/rest/bodies/egeon"
        },
        {
            "moon": "S/2004 S 7",
            "rel": "https://api.le-systeme-solaire.net/rest/bodies/s2004s7"
        },
        {
            "moon": "S/2004 S 12",
            "rel": "https://api.le-systeme-solaire.net/rest/bodies/s2004s12"
        },
        {
            "moon": "S/2004 S 13",
            "rel": "https://api.le-systeme-solaire.net/rest/bodies/s2004s13"
        },
        {
            "moon": "S/2004 S 17",
            "rel": "https://api.le-systeme-solaire.net/rest/bodies/s2004s17"
        },
        {
            "moon": "S/2006 S 1",
            "rel": "https://api.le-systeme-solaire.net/rest/bodies/s2006s1"
        },
        {
            "moon": "S/2006 S 3",
            "rel": "https://api.le-systeme-solaire.net/rest/bodies/s2006s3"
        },
        {
            "moon": "S/2007 S 2",
            "rel": "https://api.le-systeme-solaire.net/rest/bodies/s2007s2"
        },
        {
            "moon": "S/2007 S 3",
            "rel": "https://api.le-systeme-solaire.net/rest/bodies/s2007s3"
        },
        {
            "moon": "S/2009 S 1",
            "rel": "https://api.le-systeme-solaire.net/rest/bodies/s2009s1"
        },
        {
            "moon": "S/2004 S 22",
            "rel": "https://api.le-systeme-solaire.net/rest/bodies/s2004s22"
        },
        {
            "moon": "S/2004 S 21",
            "rel": "https://api.le-systeme-solaire.net/rest/bodies/s2004s21"
        },
        {
            "moon": "S/2004 S 20",
            "rel": "https://api.le-systeme-solaire.net/rest/bodies/s2004s20"
        },
        {
            "moon": "S/2004 S 23",
            "rel": "https://api.le-systeme-solaire.net/rest/bodies/s2004s23"
        },
        {
            "moon": "S/2004 S 24",
            "rel": "https://api.le-systeme-solaire.net/rest/bodies/s2004s24"
        },
        {
            "moon": "S/2004 S 25",
            "rel": "https://api.le-systeme-solaire.net/rest/bodies/s2004s25"
        },
        {
            "moon": "S/2004 S 26",
            "rel": "https://api.le-systeme-solaire.net/rest/bodies/s2004s26"
        },
        {
            "moon": "S/2004 S 27",
            "rel": "https://api.le-systeme-solaire.net/rest/bodies/s2004s27"
        },
        {
            "moon": "S/2004 S 28",
            "rel": "https://api.le-systeme-solaire.net/rest/bodies/s2004s28"
        },
        {
            "moon": "S/2004 S 29",
            "rel": "https://api.le-systeme-solaire.net/rest/bodies/s2004s29"
        },
        {
            "moon": "S/2004 S 30",
            "rel": "https://api.le-systeme-solaire.net/rest/bodies/s2004s30"
        },
        {
            "moon": "S/2004 S 31",
            "rel": "https://api.le-systeme-solaire.net/rest/bodies/s2004s31"
        },
        {
            "moon": "S/2004 S 32",
            "rel": "https://api.le-systeme-solaire.net/rest/bodies/s2004s32"
        },
        {
            "moon": "S/2004 S 33",
            "rel": "https://api.le-systeme-solaire.net/rest/bodies/s2004s33"
        },
        {
            "moon": "S/2004 S 34",
            "rel": "https://api.le-systeme-solaire.net/rest/bodies/s2004s34"
        },
        {
            "moon": "S/2004 S 35",
            "rel": "https://api.le-systeme-solaire.net/rest/bodies/s2004s35"
        },
        {
            "moon": "S/2004 S 36",
            "rel": "https://api.le-systeme-solaire.net/rest/bodies/s2004s36"
        },
        {
            "moon": "S/2004 S 37",
            "rel": "https://api.le-systeme-solaire.net/rest/bodies/s2004s37"
        },
        {
            "moon": "S/2004 S 38",
            "rel": "https://api.le-systeme-solaire.net/rest/bodies/s2004s38"
        },
        {
            "moon": "S/2004 S 39",
            "rel": "https://api.le-systeme-solaire.net/rest/bodies/s2004s39"
        }
    ],
    "discoveredBy": "Galileo Galilei",
    "discoveryDate": "1610",
    "radius": 58232.0
},
{
    "name": "Earth",
    "temp": 288,
    "mass": {
        "massValue": 5.97237,
        "massExponent": 24
    },
    "volume": {
        "volValue": 1.08321,
        "volExponent": 12
    },
    "density": 5.5136,
    "gravity": 9.8,
    "moons": [
        {
            "moon": "La Lune",
            "rel": "https://api.le-systeme-solaire.net/rest/bodies/lune"
        }
    ],
    "discoveredBy": "",
    "discoveryDate": "",
    "radius": 6371.0084
},
{
    "name": "Venus",
    "temp": 737,
    "mass": {
        "massValue": 4.86747,
        "massExponent": 24
    },
    "volume": {
        "volValue": 9.2843,
        "volExponent": 11
    },
    "density": 5.243,
    "gravity": 8.87,
    "moons": null,
    "discoveredBy": "People with eyes",
    "discoveryDate": "Someone's birthday!",
    "radius": 6051.8
}